,target
967,168
365,167
559,154
33,157
31,127
870,132
192,130
312,146
483,149
551,137
557,128
635,132
109,149
408,169
77,128
928,165
541,137
82,127
361,134
793,166
506,155
789,129
499,153
398,150
2,122
101,144
363,127
450,130
286,152
208,158
265,165
5,156
54,125
670,136
847,163
762,132
971,146
97,168
588,153
204,130
244,144
774,140
933,148
518,128
334,159
844,127
25,169
84,133
519,125
650,132
448,155
357,141
629,152
528,156
467,162
247,125
118,168
342,129
787,120
250,147
318,146
497,128
196,150
587,150
81,141
352,156
602,135
239,156
689,129
211,136
822,127
549,144
898,135
227,158
832,128
751,145
896,166
892,136
380,126
903,127
296,148
344,125
7,141
155,126
525,124
753,144
451,143
836,156
757,161
684,142
432,121
935,144
908,133
388,143
514,131
583,168
926,134
850,166
423,157
228,138
456,132
713,138
212,140
79,135
148,162
306,141
477,129
866,167
899,121
909,135
534,141
590,148
411,134
0,157
531,156
321,122
516,162
523,126
596,145
172,143
125,125
370,120
634,120
877,132
90,159
913,152
181,142
274,141
869,161
69,162
131,136
300,122
394,157
326,167
144,127
904,122
135,140
381,130
164,126
28,136
611,137
193,150
673,167
620,134
169,126
457,143
140,138
173,130
6,169
652,130
447,133
73,125
664,132
890,151
238,168
145,167
885,152
234,121
220,121
465,130
628,167
132,159
963,160
672,139
185,158
41,136
108,163
567,134
56,162
468,148
429,153
547,123
24,148
959,133
730,161
601,123
675,121
900,136
338,139
51,137
948,124
894,149
615,137
264,136
521,167
746,149
494,158
621,123
18,146
696,121
552,143
952,167
367,125
83,139
61,137
420,162
272,144
285,139
360,144
354,120
694,121
278,125
182,138
368,154
814,159
598,167
223,143
778,160
680,144
644,167
486,161
923,164
841,166
176,154
846,146
677,120
582,128
500,165
490,161
163,144
248,137
617,158
970,120
668,149
375,130
412,137
74,139
113,139
802,121
544,143
390,150
104,139
114,137
417,159
442,137
409,169
92,150
548,132
89,130
336,140
961,137
895,132
907,135
589,160
780,121
594,134
94,153
11,152
396,122
910,168
43,128
42,134
329,147
167,148
962,166
851,149
581,153
735,145
100,126
426,124
178,155
444,149
416,121
630,153
857,139
682,128
177,123
395,134
657,150
835,131
934,150
665,169
383,150
930,165
257,120
522,166
335,168
597,155
15,131
3,164
495,126
256,139
529,158
737,167
688,162
842,165
393,121
222,130
179,147
289,136
920,133
324,149
799,136
9,136
249,129
22,161
356,169
221,160
752,141
837,151
956,141
572,160
340,153
431,138
535,127
810,133
622,139
203,123
613,161
93,163
542,162
68,150
605,135
284,158
781,157
434,139
153,164
75,124
711,124
446,143
188,152
271,141
236,123
487,151
117,146
795,133
512,141
570,160
575,142
126,160
116,163
473,147
839,139
57,154
655,151
886,133
369,161
268,156
46,167
349,142
195,132
972,146
811,153
716,130
263,146
443,120
656,154
304,121
341,129
940,139
149,158
124,157
765,121
50,158
353,125
901,151
142,125
399,125
616,120
320,143
19,167
786,160
950,127
785,156
407,166
537,121
38,150
175,131
245,152
946,153
649,153
806,148
834,140
154,129
287,133
653,147
569,124
722,169
17,165
127,166
322,166
255,156
685,131
938,121
190,153
115,164
599,140
301,144
816,137
693,169
704,169
666,124
643,142
517,158
957,122
45,161
883,132
157,120
723,129
171,126
16,167
511,160
48,151
944,165
817,149
515,161
667,125
480,131
929,157
636,120
225,145
26,139
761,166
437,143
925,126
364,143
229,125
37,145
939,141
374,157
469,156
941,152
827,141
706,134
194,148
830,136
914,149
503,128
943,144
807,137
579,160
942,127
162,143
715,157
152,131
662,127
828,136
734,123
111,129
226,126
669,150
103,157
421,145
419,153
880,121
586,156
759,155
119,155
53,151
151,168
403,164
919,142
207,135
658,136
820,127
741,168
8,127
784,147
36,155
452,150
651,133
253,120
303,152
917,137
571,141
623,129
800,135
966,129
262,150
610,148
297,147
414,160
150,168
767,128
640,168
863,131
550,132
770,154
488,145
147,167
146,137
905,131
865,132
659,166
348,162
463,120
325,154
186,143
123,130
829,155
608,161
143,135
932,130
197,121
609,156
279,140
293,165
400,122
183,161
202,158
438,123
246,120
415,143
755,150
758,160
937,138
129,155
637,124
402,134
859,130
749,130
887,167
219,156
641,147
889,134
731,123
783,159
893,143
624,142
874,143
739,136
386,137
509,123
267,155
796,157
441,139
496,146
112,154
691,141
232,162
845,123
607,157
671,130
373,131
954,134
819,138
233,158
764,121
676,156
317,132
648,168
410,126
872,147
709,129
358,160
258,122
744,130
627,165
632,129
282,144
376,131
384,152
224,125
927,161
861,128
472,161
347,131
505,138
639,134
960,155
902,162
879,147
619,120
921,149
645,164
823,150
556,138
931,163
577,144
85,158
242,126
698,161
159,155
540,139
170,152
654,161
864,128
824,122
918,147
733,133
95,169
563,161
240,147
742,125
574,126
690,149
460,135
553,121
853,167
206,121
392,129
794,130
397,162
766,135
825,122
217,127
4,158
768,147
642,150
891,152
612,129
738,158
546,156
725,145
683,141
98,142
804,160
727,128
573,142
406,157
502,120
47,131
32,157
779,167
200,130
134,131
27,135
855,146
230,162
489,120
772,132
378,169
288,155
418,139
674,128
391,160
592,155
498,141
138,122
62,135
471,158
647,136
128,153
949,144
520,138
838,130
64,144
812,168
14,161
156,165
40,131
492,136
379,158
187,135
763,144
216,157
791,154
52,134
337,142
748,159
719,139
724,153
295,139
701,120
726,149
461,157
455,143
969,166
815,161
862,123
269,145
201,153
161,156
555,152
729,150
401,130
702,127
476,122
821,147
771,160
105,153
565,128
389,128
1,151
911,162
955,120
561,129
80,165
205,148
34,148
775,151
508,164
427,130
454,135
366,157
91,152
339,130
897,167
564,140
776,153
241,149
13,136
315,124
600,147
387,160
273,121
166,136
840,154
965,122
646,162
818,144
484,151
953,164
504,139
831,133
243,128
566,166
875,138
562,120
686,129
189,131
782,151
699,135
475,162
681,122
510,128
58,153
474,148
560,158
856,140
747,144
252,152
21,142
313,132
459,121
160,140
276,123
191,126
385,132
805,122
413,137
491,121
343,162
769,132
308,137
661,129
130,156
663,140
871,158
99,165
372,155
87,169
458,145
330,163
214,138
466,154
121,151
20,127
700,131
71,131
106,168
270,136
860,132
435,142
102,122
